question,answer_framework1,matched_question_gold,gold_standard_answer,question_similarity,answer_similarity,bertscore_precision,bertscore_recall,bertscore_f1
Can antiretroviral medications affect eyesight or lead to any eye-related issues?,"There is no specific documentation indicating that antiretroviral medications directly affect the eyes. However, HIV itself can lead to certain eye diseases. Antiretroviral therapy generally improves overall health, including eye health, if started early. If you experience any eye-related issues, it's important to consult your healthcare provider for proper evaluation and management. Regular eye exams are recommended to monitor any potential issues.",Do ARV drugs have any impact on vision or can they cause eye-related problems?,There is no documentation on the effects of ARV on the eye. But there is evidence that H can affect the eye. H can affect any part of the body. ARV improve all the system of the body if there is an early diagnosis. ARV does not spoil the eye.,0.8214348554611206,0.659264862537384,0.6519932746887207,0.6888185143470764,0.6699001789093018
Could you provide me with a counselor's contact information?,You can contact a male counselor at 0803 577 1244 or reach out to female counselors at 0805 5210 648 and 0706 533 7109.,Can you give me the contact of a counselor?,Yes. You can contact a male counselor on 0803 577 1244 or you can contact these female counselors on 0805 5210 648 & 0706 533 7109.,0.89015793800354,0.8549554347991943,0.9461991786956787,0.9216115474700928,0.9337435364723206
In what ways can HIV impact a person's emotional well-being?,"HIV can significantly impact a person's emotional well-being by causing feelings of fear, anxiety, depression, and isolation. The stigma associated with HIV can lead to shame, discrimination, and social withdrawal, affecting self-esteem and mental health. Individuals may experience emotional instability, including anger and confusion, especially when disclosing their status to others. Managing HIV as a chronic condition can also lead to stress and uncertainty about the future. Seeking support from healthcare providers, counselors, and support groups is crucial in addressing these emotional challenges.",How does HIV affect one's emotional well-being?,"Diagnosis and stigma can lead to emotional challenges like fear, anxiety, and depression.
With these different levels of stigma to deal with, people living with HIV can sometimes experience heightened levels of emotional and psychological issues including fear, guilt, abandonment, lack of worth, and harassment.
Sometimes one may have difficulty in disclosing his or her status to friends and loved ones. This can cause emotional stress and impact one's mental health and well-being.",0.9822551012039183,0.9021499156951904,0.7426744103431702,0.7648876309394836,0.7536174058914185
Why is a newborn given H-treatment immediately after birth?,"Newborns are given HIV treatment immediately after birth to prevent mother-to-child transmission of the virus. This treatment, lasting at least 4-6 weeks, is crucial to clear any virus the baby may have been exposed to during passage through the birth canal. It significantly reduces the risk of the baby contracting HIV, especially if the mother's viral load was high during pregnancy.",Why is a baby placed in H-treatment after birth/delivery?,"After delivery, the baby should be on medication treatment for at least 4-6 weeks. It can be longer if the HIV virus in the mother’s blood is high during pregnancy. It is a must for the baby to be placed on medication to clear any virus around the baby during passage through the birth canal. There have been many success stories. It helps to prevent the baby from having HIV.",0.9254589080810548,0.8839508891105652,0.7665594220161438,0.7571635246276855,0.7618325352668762
Who are the participants in the support group?,"Participants in HIV support groups typically include individuals living with HIV, who come together to share their experiences and offer each other support, encouragement, and comfort. These groups may also include family members, friends, caregivers, and sometimes healthcare professionals. They provide a safe space for discussing common challenges and developing skills to cope with living with HIV. Support groups can be found in various clinics and are accessible to nearly everyone.",Who are those in the support group?,"The group consists of people with H. They come together to share troubling issues that are facing them. By sharing their experiences, they can offer each other support, encouragement and comfort.",0.920851707458496,0.5107452273368835,0.6805737018585205,0.7886270880699158,0.7306269407272339
What is the correct way to store my medication?,"Store your HIV medication in a cool, dry place away from direct sunlight, ideally at room temperature. Keep it in its original packaging or container to protect it from moisture, and ensure it is out of reach of children and pets. Avoid storing it in the bathroom, kitchen, or car where it can be exposed to heat and humidity. Always follow specific storage instructions for each medication, such as keeping ritonavir capsules in the refrigerator.",How best can I store my drugs?,"Please follow the advice of the healthcare professional. Generally, ARV medications should be kept in a safe and dry place. Avoid keeping them in your car, or kitchen, as these are likely to make it too hot and can make them less effective.",0.8832336068153381,0.7749220132827759,0.673244833946228,0.7214575409889221,0.696517825126648
Is it safe to combine an herbal mixture with antiretroviral medication?,"It is not safe to combine herbal mixtures with antiretroviral medications, as they may interact and reduce the effectiveness of the ARVs. This can lead to an increase in viral load and susceptibility to infection. It is crucial to consult with a healthcare provider to ensure there are no harmful interactions.",What are the dangers involved in mixing herbal medicine with ARV drugs?,"Herbal remedies will affect  how ARV functions, known as potency. This can lead to an increase in viral load and susceptibility to infection.

Herbal supplements and products can have interactions with your ARVs. Please contact your healthcare provider for more information.",0.7458134889602661,0.6689885854721069,0.6990678310394287,0.72808837890625,0.7132830023765564
What should I use to take my medication?,"You should use clean water to take your medication, as it is the safest option. Avoid using alcohol or soft drinks like Coke, Fanta, and Sprite to swallow your ARV drugs, as these can affect the medication's effectiveness. If swallowing is difficult, you can take the tablets with water and juice, but do not crush them or mix them with tea. Always follow your healthcare provider's instructions regarding your medication.",What can I use to take my drugs?,Clean water should be used to take your drugs. Do not swallow your drugs with alcohol.,0.8609092831611633,0.7215113639831543,0.6282404661178589,0.797629177570343,0.7028733491897583
What are the potential dangers or safety measures when mixing antiretroviral drugs with illegal substances?,"Mixing antiretroviral drugs with illegal substances is dangerous as it can reduce the effectiveness of HIV treatment and increase the risk of drug interactions and side effects. Recreational drugs may counteract the potency of antiretrovirals, leading to potential drug resistance and undesirable effects. It is crucial to avoid such combinations and consult healthcare professionals to ensure there are no harmful interactions. Always discuss any substances you are taking with your doctor to maintain the effectiveness of your HIV treatment.",Are there any risks or precautions associated with combining ARV medications and illicit drugs?,"Illicit drugs should not be taken with ARV. Kindly discuss the contents of recreational drugs with your  doctor, as they may interact with the effectiveness of ARV.",0.7859016060829163,0.7302645444869995,0.6256177425384521,0.6859610080718994,0.6544012427330017
Is it possible to contract HIV from sweat or tears?,"No, it is not possible to contract HIV through sweat or tears. HIV is not transmitted through casual contact, including sharing sweat or tears. It is transmitted through specific bodily fluids such as blood, semen, vaginal fluids, rectal fluids, and breast milk.",Can HIV be transmitted through sweat or tears?,"HIV is not transmitted through sweat or tears. HIV is NOT transmitted through casual contact. HIV is, however, transmitted through contact with infected blood, semen, vaginal fluids, rectal fluids, or breast milk.",0.945715606212616,0.9212127923965454,0.8115905523300171,0.8483370542526245,0.8295570611953735
What are the different phases of HIV infection that individuals undergo?,"Individuals with HIV undergo four main phases: acute HIV infection, asymptomatic or chronic HIV stage, symptomatic stage, and AIDS. The acute infection occurs 2-4 weeks after exposure, often with flu-like symptoms. The asymptomatic stage can last for several years without symptoms. The symptomatic stage occurs when the immune system is significantly weakened, leading to opportunistic infections. Finally, if untreated, the virus progresses to AIDS, characterized by severe immune system damage and vulnerability to infections. Early treatment can prevent progression to AIDS.",What are the stages of an HIV infection?,"There are 4 stages: (1) Acute HIV infection or seroconversion illness stage. This occurs between 2-4 weeks after infection. Some people at this stage may experience flu-like symptoms such as fever, headache, and rash. These symptoms may last for a week or two soon after they contract HIV.
(2) The asymptomatic or chronic HIV stage: once infection takes place, most people feel fine and don’t experience any symptoms, and it can last for several years.
3) The symptomatic stage: This is usually when CD4 counts drops below 200 and the immune system is badly damaged.  People might get an opportunistic infection (an illness that happens more often) and it is often worse in people who have weakened immune system. 
4)  The late stage is AIDS: If someone has HIV and is not on treatment, the virus will weaken the immune system and it will progress to AIDS. Symptoms include rapid weight loss, recurring fever, profuse night sweats, and death. 
However, with medication, the progression of HIV into AIDS can be prevented.",0.8802031874656677,0.9092801213264464,0.7620216012001038,0.6816999316215515,0.7196264266967773
Are my HIV medications insufficient for treating or curing malaria?,"HIV medications are not effective for treating or curing malaria. Malaria requires specific antimalarial medications, and it is crucial to consult a healthcare provider for proper diagnosis and treatment. If you suspect you have malaria, seek medical advice and follow the prescribed treatment regimen.",Is my HIV drugs not powerful enough to treat or cure malaria?,"Your medication cannot be used for the treatment of malaria. If you have malaria, you need to visit your health care provider for the test and treatment of malaria and be sure you complete it.",0.9574366211891174,0.7521705627441406,0.6886624097824097,0.7361461520195007,0.7116130590438843
What remedies or interventions are available to address weight loss or appetite changes linked to antiretroviral (ARV) therapy?,"To address weight loss or appetite changes linked to ARV therapy, consulting with a healthcare provider is crucial. They might suggest dietary adjustments, such as consuming smaller, more frequent meals or incorporating nutrient-rich foods. In some instances, medications to boost appetite or manage weight loss could be prescribed. Additionally, maintaining physical activity and managing stress can aid in improving appetite and weight management. Regular monitoring and communication with healthcare providers are essential for effectively addressing these issues.",Are there any remedies or interventions to manage weight loss or appetite changes that is associated or connected with ARV treatment?,"This may occur early in the care process, but as you persist in treatment, it will stop. You can add fruits and a fluid diet. Also, take a small meal at a time. These can help. You may also need to see your healthcare provider for further investigations if it continues.",0.875449538230896,0.5137283802032471,0.6051149964332581,0.6441495418548584,0.6240224838256836
What does it mean to be in a discordant relationship?,"A discordant relationship refers to a couple where one partner is HIV-positive and the other is HIV-negative. This type of relationship requires open communication, mutual respect, and adherence to safe sex practices to prevent transmission. It's important for both partners to be informed about HIV prevention methods, such as pre-exposure prophylaxis (PrEP), and to seek support from healthcare providers or counselors if needed. Regular testing and communication are key to maintaining a healthy and supportive relationship.",What does discordant relationship means?,"A discordant relationship means a couple where one partner has H, and the other partner does not have H.",0.8309925198554993,0.8049860000610352,0.5655317902565002,0.8264893293380737,0.6715501546859741
In what ways can HIV impact an individual's digestive system?,"HIV can impact the digestive system by causing symptoms such as nausea, vomiting, diarrhea, and abdominal pain. It can affect the entire gastrointestinal tract, leading to conditions like oral thrush, which can extend from the mouth to the stomach lining, reducing nutrient absorption and causing diarrhea. These issues can occur in both early and late stages of HIV, often due to opportunistic infections. Managing these symptoms with proper medical care and staying hydrated is important for individuals living with HIV.",How does HIV affect one's digestive system?,"It can lead to problems like nausea, vomiting, and diarrhoea.",0.9741494655609132,0.5068845152854919,0.6142479181289673,0.799180805683136,0.6946160197257996
Does having HIV impact the likelihood of developing cancer?,"Yes, having HIV can increase the risk of developing certain types of cancer. People with HIV have a higher risk of developing cancers such as lymphoma and HPV-related cancers due to a weakened immune system. This weakened state makes it harder for the body to fight off cancer cells. It is important for individuals with HIV to work closely with their healthcare provider to monitor their health and address any potential risks.",What is the relationship between HIV and cancer?,People with HIV have a higher risk of certain cancers due to a weakened immune system.,0.904047667980194,0.8488775491714478,0.6469280123710632,0.8434378504753113,0.7322276830673218
What should I do if I skip one or two doses?,"If you skip one or two doses of your HIV medication, take the missed dose as soon as you remember, but do not double up on doses. Return to your normal schedule the following day. Consistently taking your medication is crucial to prevent drug resistance, so if you frequently miss doses, consult your healthcare provider for support.","If I miss one dose or two, what will I do?",Please take it as soon as you remember. Try as much as possible to avoid missing doses.,0.8497617244720459,0.5641204118728638,0.5722406506538391,0.6909204721450806,0.6260052919387817
What is the best way to identify the optimal antiretroviral therapy combination for my situation?,"The best way to identify the optimal antiretroviral therapy combination for your situation is to consult with a healthcare provider who will conduct a medical assessment, possibly including some investigations, to determine which ARVs will work for you. You will typically start with first-line ARVs available in your locality. It's crucial to avoid over-the-counter drugs and supplements that might interact with your ARVs, and to attend adherence counseling to ensure effective medication use. Regular check-ups and blood tests are necessary to monitor the effectiveness of the treatment.",How can I determine the most suitable ARV drug combination for my condition?,"Your healthcare provider (doctor) will determine the  best drugs for you after medical assessment. You might be asked to carry out some medical investigations. This will show the doctor which of the ARVs will work for you.

You will be commenced on first-line ARV and especially the ones that are available in your locality. All clients usually start with first-line drugs.",0.7240683436393738,0.6785691380500793,0.6804454922676086,0.7364413738250732,0.7073370218276978
What kinds of medications are available for treating malaria?,"I'm sorry, but that question is outside my area of expertise. I can help with information related to HIV, such as transmission, detection, medication, health implications, mental health, relationships, and lifestyle. Please feel free to ask within these topics.",What type of malaria medication can I use?,You need to visit your health care center if you are feeling unwell. You need to be tested to find out if you have malaria or something else. Your healthcare provider must give you appropriate anti-malaria drugs necessary for your immune system and medical history.,0.8746249079704285,0.1866681277751922,0.5819998979568481,0.579767107963562,0.5808813571929932
Is it possible to change healthcare providers while undergoing antiretroviral therapy?,"Yes, it is possible to change healthcare providers while undergoing antiretroviral therapy. To facilitate the transition, you should request a transfer letter from your current health facility and inform your new provider about your treatment plan. This ensures continuity of care and helps you better assess your treatment and adhere to your medication regimen.",Can I switch healthcare providers while on ARV treatment?,"You are free to change your health care provider if you know that will help you better in assessing your treatment and adhere to your daily drug usage.

It is also possible to demand for a transfer from one health facility to another ( even within the state/city) all you need to do is to  request for a transfer letter from your previous health facility.",0.780936062335968,0.6590125560760498,0.7257753610610962,0.7059354782104492,0.7157179117202759
"Is it safe for me to consume Fanta, Sprite, and non-alcoholic wine?","I'm sorry, but that question is outside my area of expertise. I can help with information related to HIV, such as transmission, detection, medication, health implications, mental health, relationships, and lifestyle. Please feel free to ask within these topics.","Can I take Fanta, Sprite, and non-alcoholic wine?","You can take soft drinks like Coke, Fanta, and Sprite. Please do not use it to swallow your ARV drugs. Use clean water instead. But remember. Soft drinks have a lot of sugar and are not part of a balanced diet.",0.8309377431869507,0.2180647552013397,0.5899813771247864,0.579117476940155,0.584498941898346
When should a person begin ART treatment?,A person should begin antiretroviral therapy (ART) as soon as possible after being diagnosed with HIV. Starting treatment early improves health outcomes and reduces the risk of transmitting the virus. It is important to discuss any mental health concerns and other health-related conditions with a healthcare provider before starting ART.,When we someone commence ART treatment?,"Treatment starts immediately after you have done the test, and it is confirmed to be positive.",0.904769778251648,0.4830042719841003,0.5318645238876343,0.6250087022781372,0.5746869444847107
How does HIV affect hair health?,"HIV can lead to hair thinning or loss, particularly if diagnosis and treatment are delayed or inconsistent. However, this is not a very common symptom, and there is often improvement with proper treatment. It's important to discuss any hair health concerns with a healthcare provider for appropriate guidance and support.",What is the relationship between HIV and hair health?,"Some people experience hair thinning or loss due to HIV, especially when diagnosis is delayed. However, there is improvement with treatments.",0.9580273032188416,0.9503950476646424,0.7140862941741943,0.834696888923645,0.7696953415870667
In what ways does HIV impact the body?,"HIV impacts the body by attacking the immune system, specifically targeting CD4 cells, which weakens the body's ability to fight infections and diseases. It can affect various organs and systems, including the liver, kidneys, and excretory system. If untreated, HIV can progress to AIDS, leading to a severely compromised immune system and increased vulnerability to opportunistic infections and certain cancers. Additionally, HIV can cause respiratory infections, complications, and increase the risk of cardiovascular diseases. Seeking treatment is crucial to manage the virus and maintain overall health.",How can HIV affect the body?,"HIV is found in the blood. It can affect any organ and systems from head to toes (e.g liver, the kidney, excretory system). It uses the cell proteins to multiple itself, thereby weakening the immune system (CD4 Cells), making it harder to fight off infections and diseases. Someone can become very vulnerable if medications (ARVs) are not taken daily.",0.9514448642730712,0.8331141471862793,0.7338964939117432,0.7389126420021057,0.7363960146903992
Should I adhere to a specific diet when taking antiretroviral medications?,"It is important to maintain a healthy and balanced diet when taking antiretroviral medications to support your immune system. While there is no specific diet required, it is advised to eat a variety of foods from the five food groups: fruits, vegetables, grains, protein, and dairy. Additionally, consume foods low in saturated fat, salt, and added sugar. Some medications may have specific dietary needs, so consult your healthcare provider or a registered dietitian for personalized advice.",Do I need to follow a particular diet while using ARV drugs?,"Good nutrition supports overall health and helps to maintain the immune system.

Good nutrition helps people living with H maintain a healthy weight and absorb ARV drugs. The basics of a healthy diet are the same for everyone, including people living with H. Eat a variety of foods from the five food groups, fruits, vegetables, grains, protein foods and dairy. Choose food low in saturated fat, sodium (salt) and added sugars.",0.7943321466445923,0.6867891550064087,0.7194035649299622,0.7419722080230713,0.7305136919021606
At what point does lymphoma develop in individuals with HIV?,"Lymphoma can develop at any stage of HIV infection, but it is more common in individuals with advanced HIV disease and a weakened immune system. It is considered an AIDS-defining illness when it occurs in someone with HIV. Regular monitoring and early detection are important to manage and treat lymphoma effectively in individuals with HIV.",When does lymphoma occur in HIV?,"People with HIV have a higher risk of developing certain types of cancers such as lymphoma.
The origin and development of HIV/AIDS-associated lymphoma is a combination of factors, which include a reduced immune system, genetic alteration, viral infection, and chronic cell activation of some cells.
In a person living with HIV, this may occur during the AIDS stage because it occurs when the immune system has been severely weakened.",0.9227027893066406,0.8578172922134399,0.6659794449806213,0.6661767959594727,0.6660781502723694
Is it possible for witchcraft or spirits to play a role in the spread of HIV in Africa?,"No, witchcraft or spirits do not play a role in the spread of HIV. HIV is a virus that is transmitted through specific modes such as unprotected sex, sharing needles, and from mother to child during childbirth or breastfeeding. It is crucial to rely on scientific information and evidence-based practices to prevent and manage HIV effectively.",Can  witchcraft or spirits cause the transmission of HIV in Africa?,Witchcraft or spirits cause the transmission of HIV,0.9565112590789796,0.865370512008667,0.5905581712722778,0.7518355846405029,0.6615087985992432
Is it safe for me to use ARV medications if I have additional health issues?,"It is generally safe to use antiretroviral (ARV) medications even if you have additional health issues, but it is crucial to inform your healthcare provider about any other health conditions. This allows them to choose the most appropriate ARV regimen and monitor for potential interactions with other medications. Avoid using over-the-counter drugs and supplements without consulting your healthcare provider, as they may interact with ARVs. Regular monitoring by your healthcare provider will help ensure the safety and effectiveness of your treatment.",Is it safe to use ARV medications if I have other underlying health conditions?,"While there is no cure for H, ARVs therapy can reduce the amount of the virus in the blood to a very low level. This process keeps the person healthy and prevents the transmission of the virus to other people.

It is important for a person living with H and other related health conditions to discuss with his or her health care provider because ARVs drugs can work perfectly with other health conditions.",0.9675624370574952,0.5922678112983704,0.6115838289260864,0.6315329074859619,0.6213983297348022
What steps should I take if I accidentally have unprotected sex with my HIV-negative partner?,"If you have had unprotected sex with your HIV-negative partner, it's crucial to act quickly. Encourage your partner to seek post-exposure prophylaxis (PEP) within 72 hours to minimize the risk of HIV transmission. Both of you should also get tested for HIV and other sexually transmitted infections (STIs) as soon as possible. Open communication with your partner and seeking support from healthcare professionals or counselors is essential. Early intervention is key to managing the situation effectively.",What should I do if I mistakenly have sex without using condom with my partner who is negative?,"This person (who is negative) should go to the clinic as soon as possible to get PEP, to prevent HIV infection. PEP is an acronym for Post-exposure prophylaxis, this is a treatment/ medication given to someone that has been exposed or think s/he has been exposed to HIV. PEP needs to be given immediately and after 72 hours it is likely no longer effective.",0.8057020902633667,0.7614071369171143,0.6644184589385986,0.6566356420516968,0.660504162311554
Is it possible to contract HIV from using someone else's water bottle?,"No, you cannot contract HIV from using someone else's water bottle. HIV is not transmitted through saliva or shared drinks. It is transmitted through contact with infected blood, semen, vaginal fluids, rectal fluids, or breast milk. The risk is negligible unless the bottle has fresh, infected blood on it.",Can some get HIV if he/she use another person’s water bottle?,"The risk is negligible unless the bottle has fresh, infected blood on it. HIV is NOT transmitted through casual contact. HIV is, however, transmitted through contact with infected blood, semen, vaginal fluids, rectal fluids, or breast milk.",0.9557319283485411,0.8335009217262268,0.8212107419967651,0.8714373111724854,0.8455788493156433
Can ARV medications be safely used alongside other drugs?,"It is crucial to consult with a healthcare provider before using ARV medications alongside other drugs to prevent potential interactions. Mixing ARVs with over-the-counter medications, herbal supplements, or non-prescribed drugs can lead to drug interactions, resistance, and side effects. While ARVs can be used with treatments for other chronic infections, it is essential to avoid combining them with herbal or nutritional supplements. Your healthcare provider can guide you in determining a safe and effective treatment plan.",Is it safe to combine ARV medications with other drugs?,"Many medications, including ARVs, can interact with other drugs, including those prescribed, over-the-counter drugs, herbal preparations, nutritional supplements, and even certain and mineral drinks (energy drinks).

It would be best if you can inform the healthcare professionals to ascertain that there won’t be a drug-drug reaction. There are some drugs that you can combine with ARV. Also, avoid the use of over-the-counter drugs.",0.9720361232757568,0.8398585319519043,0.664573609828949,0.689693808555603,0.6769007444381714
How do HIV and AIDS differ from each other?,"HIV (Human Immunodeficiency Virus) is the virus that attacks the immune system, specifically targeting CD4 cells, and can lead to AIDS (Acquired Immunodeficiency Syndrome) if not managed properly. AIDS is the final stage of HIV infection, marked by a severely weakened immune system and the occurrence of opportunistic infections or cancers. Not everyone with HIV will develop AIDS, especially with early diagnosis and consistent treatment.",How is HIV different from AIDS?,"HIV is the virus that causes the disease called AIDS. If HIV is not managed well, it can develop into AIDS. AIDS is the final stage of an HIV infection. Not everyone with HIV will develop AIDS. If they take their medication this is even unlikely. 
AIDS stands for acquired immune deficiency syndrome, it is the name given to the condition that occurs when HIV has weakened the body's immune system (the body soldiers). People with AIDS have prolonged cough, tuberculosis (TB), prolonged dirrhoea, or skin infection, which are the direct cause of death.",0.9452745914459229,0.879403829574585,0.7339950203895569,0.7030297517776489,0.7181787490844727
"If I missed taking my medication for one day, can I resume using it the next day?","Yes, if you missed taking your HIV medication for one day, you should take the missed dose as soon as you remember and then return to your normal schedule the following day. Consistency is crucial for the effectiveness of your medication, so try to avoid missing doses regularly. If you have concerns, consult your healthcare provider.","If I did not take my drugs for a day, can I continue toup use the drug the following day?","Yes, you can continue to use it. Always try to use your ARV promptly. Drugs work for 24 hours; the more you delay, the higher the risk of getting resistant virus.",0.818681538105011,0.4770808219909668,0.5932010412216187,0.6306957602500916,0.6113740801811218
I'm experiencing thoughts of self-harm; what steps can I take to find help?,"I'm sorry to hear that you're feeling this way. It's crucial to seek help immediately by talking to a counsellor or healthcare provider. If you don't have someone to confide in, please call one of these numbers for professional assistance: 0805 521 0648, 0706 533 7109, or 0803 377 1244. Remember, you are not alone, and there are people who care about you and want to help.","I feel like killing myself, what can I do?","Oh, I am very sorry that you are in such a situation. You need someone to help you. I urge you to talk with your counsellor/ healthcare provider immediately. 
If you don’t have someone to confide in, please call one of these phone numbers for professional assistance: 0805 521 0648, 0706 533 7109, and 0803 377 1244.",0.6197980642318726,0.796795666217804,0.8485732674598694,0.8904443383216858,0.8690047264099121
In what ways can HIV impact my blood sugar levels?,"HIV itself does not directly impact blood sugar levels, but certain HIV treatments can affect them. People with HIV are more likely to develop type 2 diabetes, especially if they have risk factors such as being over 45, having a family history of diabetes, or being overweight. Additionally, HIV can increase challenges related to existing health issues, including diabetes. It's important to monitor your blood sugar levels regularly and consult with your healthcare provider for personalized advice and management.",How does HIV affect one's blood sugar levels?,"Some HIV treatments can affect blood sugar levels.
People with HIV are more likely to have type 2 diabetes than people without HIV. Risk factors for type 2 diabetes include being 45 years of age or older, having a family history of diabetes, and being overweight or obese.
Limit your sugar and salt. Whether because of the virus or treatment you are taking, HIV raises your chances of getting heart disease. Too much sugar or salt can influence it.",0.9564704298973083,0.9415956735610962,0.7363221049308777,0.7458692193031311,0.7410649061203003
What should I do right away if I accidentally take a double dose of my antiretroviral medication?,"If you accidentally take a double dose of your antiretroviral medication, contact your healthcare provider or pharmacist immediately for guidance. It's important to drink plenty of water to help flush out any excess drug concentration and monitor for any adverse reactions. If you notice any side effects, report them to your healthcare provider. Avoid taking a double dose in the future to compensate for a missed dose.",What should I do if I accidentally double dose on my ARV medication?,"It would help if you took plenty of water to flush out toxicity and avoid double dosing reoccurring. Also, observe any adverse reaction and report to the hospital if there is any of such.",0.853839099407196,0.6740040183067322,0.6344411373138428,0.7219447493553162,0.6753703951835632
Is HIV present in countries outside of here?,"Yes, HIV is a global phenomenon and is present in countries all around the world. The prevalence of the virus varies by region, with some areas, like sub-Saharan Africa, having higher numbers of people living with HIV.",Is HIV in other countries?,"HIV is a global phenomenon, which can be found all over the world. However, there are variations in the number of people who have the virus in different regions. Some countries, particularly those in sub-Saharan Africa, have high number of people living with the virus.",0.9378821849822998,0.8535340428352356,0.8580442667007446,0.8492187857627869,0.8536087274551392
How does nutrition affect individuals with HIV?,"Nutrition is vital for individuals with HIV as it helps strengthen the immune system, making it easier to fight off infections. A balanced diet that includes fruits, vegetables, grains, protein, and dairy supports overall health and well-being. HIV treatments can sometimes lead to weight gain or changes in body fat distribution, so it's important to consume foods low in saturated fat, salt, and added sugar. Working with healthcare professionals to tailor a nutrition plan can address specific needs related to the virus and its treatments.",What is the impact of nutrition on HIV?,"HIV and nutrition is a virtuous circle. If you are sick you may not be able to eat and if you don’t eat your immunity goes down the drain. When you eat an adequate balanced diet, your immune system will be built up and you become stronger to fight off any other infection. In addition to taking your medication every day, eat various foods from the five-food group: fruit, vegetables, grains, protein, and dairy. Live a quality life and be happy.",0.9452441334724426,0.9010974764823914,0.6761283874511719,0.6629163026809692,0.6694571375846863
In what ways can HIV impact an individual's digestive system?,"HIV can impact the digestive system by causing symptoms such as nausea, vomiting, diarrhea, and abdominal pain. It can affect the entire gastrointestinal tract, leading to conditions like oral thrush, which can extend from the mouth to the stomach lining, reducing nutrient absorption and causing diarrhea. These digestive issues can occur in both early and late stages of HIV, often due to opportunistic infections. Proper hydration and medical care are essential in managing these complications.",How does HIV affect one's digestive system?,"It can lead to problems like nausea, vomiting, and diarrhoea.",0.9741494655609132,0.5140856504440308,0.6187858581542969,0.7970720529556274,0.6967039704322815
Are there specific foods I should consume to enhance my immune system?,"Yes, consuming a balanced diet that includes a variety of foods from the five food groups—fruits, vegetables, grains, protein foods, and dairy—can enhance your immune system. Foods high in antioxidants, such as berries, citrus fruits, and leafy greens, are particularly beneficial. Additionally, maintaining good nutrition supports overall health and helps maintain the immune system, so it's important to choose foods low in saturated fat, sodium, and added sugars.",Is there any special food that I need to eat to boost my immune system?,"HIV and nutrition is a virtuous circle. If you are sick you may not be able to eat and if you don’t eat your immunity goes down the drain. When you eat an adequate balanced diet, your immune system will be built up and you become stronger to fight off any other infection. In addition to taking your medication every day, eat various foods from the five-food group: fruit, vegetables, grains, protein, and dairy. Live a quality life and be happy.",0.9389451146125792,0.6859303712844849,0.704720675945282,0.6490290760993958,0.6757293343544006
How can I keep the type of medication I'm using private from those around me?,"To keep your medication private, consider transferring it into another container or a drug envelope to prevent others from identifying it. Store your medication in a discreet location, such as a locked drawer or personal bag, and use a pill organizer to carry it without drawing attention. If you need to take your medication in public, do so discreetly and consider using a private space. It's advisable to disclose your status only to people you trust, which can help reduce anxiety and stigmatization.","I don’t want people around me to know the type of drug I am using, what can I do?",You can put your drugs in another container or a drug envelope this will prevent them from knowing the kind of drugs you are using,0.8085732460021973,0.7019822001457214,0.5957246422767639,0.714855968952179,0.649875819683075
What impact does HIV have on a person's eyesight?,"HIV can lead to certain eye diseases that affect vision, such as inflammation of the retina and opportunistic infections like cytomegalovirus retinitis. Regular eye exams are crucial for early detection and management of these conditions. It's important for individuals with HIV to work closely with healthcare providers to address any eye-related issues effectively.",How does HIV affect one's vision?,"HIV can lead to certain eye diseases that affect vision.
Syphilis, herpes, chlamydia, HIV, gonorrhoea, genital warts, and public lice can all affect the layer of the eye. These serious conditions are often detected during an eye examination/screening.",0.9519709348678588,0.8626722097396851,0.6942360401153564,0.7252838611602783,0.7094204425811768
Is it possible to contract HIV through getting a tattoo or a piercing?,"The risk of contracting HIV through getting a tattoo or piercing is very low if proper sterilization and safety measures are followed. However, there is a potential risk if equipment is not properly sterilized or if the artist uses contaminated needles. It's important to ensure that the tattoo or piercing studio follows strict hygiene practices to minimize any risk of HIV transmission. If you have concerns, you can ask the artist about their sterilization procedures before getting a tattoo or piercing.",Can someone get HIV from a tattoo or piercing?,"If the equipment is contaminated and not sterilized, there's a risk of contracting HIV. 
HIV is NOT transmitted through casual contact. HIV is, however, transmitted through contact with infected blood, semen, vaginal fluids, rectal fluids, or breast milk.",0.9629181027412416,0.5786490440368652,0.6199288964271545,0.6851341724395752,0.6509026288986206
Can my antiretroviral medication be used to treat malaria?,"Antiretroviral medications are specifically designed to treat HIV, not malaria. Malaria requires different medications as it is caused by a parasite, while HIV is a virus. If you suspect you have malaria, it is important to consult a healthcare provider for proper diagnosis and treatment. Self-medication is not advisable, and you should follow the healthcare provider's recommendations for malaria treatment.",Can my HIV drugs cure malaria?,"Your medication cannot be used for the treatment of malaria. If you have malaria, you need to visit your health care provider for the test and treatment of malaria and be sure you complete it.",0.8080325722694397,0.731997013092041,0.6521797776222229,0.7172976732254028,0.6831905245780945
How can I prevent my child from experiencing stigma due to my HIV status?,"To prevent your child from experiencing stigma due to your HIV status, educate them about HIV in an age-appropriate way and encourage open communication. Provide them with accurate information and emphasize that HIV is not a result of personal fault. Ensure they have a strong support system and address any bullying or discrimination they may face. Consider joining support groups and seeking counseling to help your child navigate any concerns or questions.",How can I ensure my child doesn't face stigma due to my HIV status?,Practice chronological age education of the child about HIV and the need to consistently use medication. Raise the self-esteem of the child by ensuring a good support system.  Address and condemn any bullying or discrimination.,0.9846930503845216,0.7425624132156372,0.6915184855461121,0.7472148537635803,0.7182886600494385
What are the common signs associated with AIDS?,"Common signs associated with AIDS include rapid weight loss, recurring fever or profuse night sweats, extreme and unexplained tiredness, prolonged swelling of the lymph glands in the armpits, groin, or neck, persistent diarrhea, white coating on the tongue (thrush), persistent cough, and skin infections. These symptoms can also be related to other illnesses, so it's crucial to get tested for HIV if you suspect you may be at risk.",What are the typical symptoms of AIDs?,"After infection, HIV may show no symptoms, sometimes for many years. But, without treatment it progresses to AIDS. People with AIDS become vulnerable to opportunistic infections and some cancers.  Some of these symptoms are prolonged diarrhoea, white coating on the tongue (thrush), enlargement of the glands in the neck or armpits, persistent fever, persistent cough, skin infections, and unexplained weight loss.
Tests for the presence of HIV are the only way to determine whether someone has HIV/AIDS.",0.93895161151886,0.8809545636177063,0.7876646518707275,0.742664098739624,0.7645027041435242
"Is it possible for doctors, nurses, or children to contract HIV?","Yes, it is possible for doctors, nurses, or children to contract HIV if they come into contact with infected blood or bodily fluids. The risk of transmission can be significantly reduced by adhering to proper infection control procedures and using protective measures such as gloves. It is crucial for healthcare workers to be educated on preventing HIV transmission in healthcare settings.","Can doctors, nurses, children get HIV?","Anyone can get HIV. HIV knows no boundaries, gender, race, age, position, association, country or sexual orientation. Everyone is at risk of being infected with HIV.  There are some behaviours and practices that increase individual risk of HIV infection: 1) having multiple sexual partners whose HIV status is unknown 2) engaging in unprotected sex  and 3) sharing skin-piercing or drug injectable equipment.",0.9430910348892212,0.6266884803771973,0.6229869723320007,0.6056843996047974,0.6142138838768005
What is the process for conducting HIV counselling?,"HIV counseling is a private dialogue between a trained counselor and the client, aimed at helping the client make informed health decisions and adapt coping strategies regarding HIV and its treatment. The counselor provides information on HIV, corrects myths and misconceptions, and assists the client in making decisions that promote positive living with HIV.",How is HIV counselling done?,Counselling is expected to be a private conversation/dialog between a trained counsellor to assist H's client in making informed decisions that concern his/her health and adaptation of possible coping solutions about HIV and treatment.,0.9128177165985109,0.8373355269432068,0.7525942325592041,0.7723350524902344,0.7623368501663208
Is it possible to contract HIV through a sneeze or cough from a person who has HIV?,"No, you cannot contract HIV through a sneeze or cough. HIV is not transmitted through air or casual contact, including sneezing and coughing. It is primarily transmitted through contact with infected blood, semen, vaginal fluids, rectal fluids, or breast milk.",Is it possible to get HIV from a sneeze or cough from someone living with HIV?,"HIV is not transmitted through air or casual contact including sneezing and coughing. 
HIV is, however, transmitted through contact with infected blood, semen, vaginal fluids, rectal fluids, or breast milk.",0.970986783504486,0.8810367584228516,0.8290138244628906,0.842840313911438,0.8358699083328247
How does HIV impact skin health?,"HIV impacts skin health by causing rashes, lesions, and infections. Individuals with HIV are more susceptible to skin conditions such as shingles, psoriasis, and fungal infections, especially when the immune system is weakened. Skin issues are more common during stages 1 and 3 of HIV infection. Proper management through medication and regular check-ups is crucial, and consulting a healthcare provider is important for diagnosis and treatment.",What is the relationship between HIV and skin health?,"HIV symptoms are skin rashes and can lead to or cause skin infections and various skin conditions.
A person is most likely to experience skin conditions during stages 1 and 3 of H infection. Fungal infections are especially common when the immune system is at its weakest.",0.9370204210281372,0.8750656843185425,0.6997358798980713,0.7784255743026733,0.7369861602783203
Can you explain what PEP is?,"PEP stands for Post-Exposure Prophylaxis. It is a treatment given to individuals who have been exposed or think they have been exposed to HIV, such as through unprotected sex or sharing needles. PEP should be started as soon as possible, ideally within 72 hours of exposure, to be effective. It involves a 28-day course of antiretroviral medications. Prompt medical advice is crucial to determine if PEP is appropriate.",What is PEP?,"PEP is an acronym for Post-exposure prophylaxis, this is a treatment/ medication given to someone that has been exposed or think s/he has been exposed to HIV. PEP needs to be given immediately and after 72 hours it is likely no longer effective.",0.954009771347046,0.9688464999198914,0.7486345767974854,0.8200443387031555,0.7827141284942627
What will happen to me if I stop using drugs completely?,Stopping drug use can significantly improve your health by reducing the risk of HIV transmission and enhancing your physical and mental well-being. It is crucial to seek support from healthcare professionals or support groups to manage withdrawal symptoms and address any underlying issues related to drug use. Seeking help is a courageous step towards a healthier future.,If I never use my drugs again please what is going to happen to me,"Taking HIV drugs must never be stopped or paused, even if they are undetectable. You need to continue because ARV did not kill the virus but making it inactive so that it will not reproduce and destroy the immune system.

If you stop taking your ARVs, H will start to make copies of itself again because there are no longer ARVs in your blood to stop the Virus. To prevent this and stay undetectable, you must continue to take your ARVs drugs as prescribed by the doctor.",0.8787562847137451,0.5624125003814697,0.5914354920387268,0.5638315081596375,0.5773037075996399
Is it possible to contract HIV by sharing headphones or earphones with someone else?,"No, you cannot contract HIV by sharing headphones or earphones with someone else. HIV is not transmitted through casual contact or sharing personal items. It is transmitted through contact with infected blood, semen, vaginal fluids, rectal fluids, or breast milk.",Can someone get HIV from shared headphones/earphone?,"HIV is not transmitted through shared headphones/earphones. HIV is NOT transmitted through casual contact. HIV is, however, transmitted through contact with infected blood, semen, vaginal fluids, rectal fluids, or breast milk.",0.9737762212753296,0.9257014989852904,0.834109902381897,0.8834223747253418,0.8580582141876221
How can I prevent my friends from accessing my medication?,"To prevent your friends from accessing your medication, keep it in a secure and private location, such as a locked drawer or cabinet, or use a private locker. You can also place your medication in another container or drug envelope to prevent others from knowing what it is. It's important not to share your medication with others and to only disclose your status to people you trust.",How can I keep my drugs from my friends?,You can put your drugs in another container or in your private locker.,0.7763904333114624,0.7273126840591431,0.6083604693412781,0.7873602509498596,0.6863820552825928
How can I avoid the development of a drug-resistant virus?,"To avoid the development of a drug-resistant virus, it is essential to take your medication consistently as prescribed by your healthcare provider without missing doses. Avoid behaviors that could weaken the medication's effectiveness, such as alcohol consumption, smoking, and improper drug storage. Additionally, maintain a healthy lifestyle with a balanced diet and avoid sharing needles or engaging in risky behaviors. Regular monitoring of your viral load can help detect any resistance early on.",How best can I prevent drug resistance virus?,"You must be consistent with the use of your H drugs. Use condoms correctly and consistently with each round of sex.
 Avoid the use of alcohol and herbs with H drugs. Treat other infections that you may have as early as possible. Avoid sex with multiple partners. Eat an adequate and balanced diet.",0.9004384279251099,0.6104063987731934,0.6359468102455139,0.661297619342804,0.6483744978904724
"Can HIV be transmitted through kissing, potentially leading to infection?","HIV is not transmitted through kissing, as the virus is not spread through saliva. However, it is recommended to avoid deep kissing if there are open sores or bleeding gums, as these conditions could theoretically increase risk, though transmission in this manner is extremely unlikely. HIV is primarily transmitted through contact with infected blood, semen, vaginal fluids, rectal fluids, or breast milk.",Can HIV get transmitted through kissing?,It is extremely unlikely that someone can get HIV through kissing. It is recommended to avoid deep kissing / saliva-to-saliva kissing with a wound / significant open sores bleeding gums. And kissing that leads to bleeding.,0.926689386367798,0.9313766956329346,0.6444182395935059,0.7095975279808044,0.6754390597343445
"""Individuals with HIV?""","Individuals with HIV are infected with the human immunodeficiency virus, which weakens the immune system and increases susceptibility to infections. They may face challenges such as stigma, discrimination, and mental health issues, but with proper treatment, they can live long and healthy lives. It's crucial for them to work closely with healthcare providers and receive support from friends and family. HIV affects people globally, with varying prevalence across regions, and anyone can be at risk regardless of gender, race, or sexual orientation.",HIV people/person?,"You can have surgery, but please inform your healthcare provider to ensure proper precautions. Statutorily, all clients going for surgery in a teaching hospital will undergo H test.",0.7131804823875427,0.0235925391316413,0.5582291483879089,0.6059978008270264,0.5811334252357483
Is witchcraft responsible for causing HIV in Africa?,"No, witchcraft is not responsible for causing HIV in Africa or anywhere else. HIV is transmitted through specific means such as unprotected sex, sharing needles, or from mother to child during childbirth. It is crucial to rely on scientific information and evidence-based practices to understand and prevent HIV transmission. Stigma and misinformation can be harmful and hinder efforts to address the HIV epidemic effectively.",Is HIV in Africa caused by witchcraft?,Witchcraft or spirits cause the transmission of HIV,0.9700525999069214,0.7769705057144165,0.5764506459236145,0.6875240206718445,0.6271069645881653
Who should I meet with for my upcoming clinic appointment?,"For your upcoming clinic appointment, you should meet with an HIV-trained physician, nurse, pharmacist, or counselor/social worker. These professionals will help you understand your treatment options, manage your medication, and address any concerns about your health. You may also undergo a medical history review, physical examination, and lab tests during your visit.",Who do I go see wen I com for my next appointment for clinic?,"Every clinic or HIV centre has its different clinic arrangements or flow. In some clinics, you will always meet a nurse who will direct you to the next table after you have explained what you have come to do in the clinic. 
They will help you to understand how HIV works in your body, your treatment options, how to prevent passing HIV to others, and the importance of getting and keeping an undetectable viral load.
They will also take a complete medical history, conduct a physical examination and mental health assessment, and run some lab tests.
You will see an HIV trained physician, trained Pharmacist, trained nurses, trained counsellors/social workers and case workers?",0.8252537250518799,0.7800235152244568,0.7995749711990356,0.7077460885047913,0.750863254070282
What should I do if I run out of my antiretroviral medication?,"If you run out of your antiretroviral medication, contact your healthcare provider or treatment site immediately for a refill. You can also visit the nearest ARV clinic for assistance. It is crucial not to stop taking your medication, as this can lead to drug resistance and other complications. Always ensure you have a continuous supply to maintain the effectiveness of your treatment.",What should I do if I run out of ARV medication?,"When you run out of ARV drugs, you can visit/contact your treatment site for a refill drug immediately. 

Yes. You can also visit the nearest ARV clinic  near you for help.",0.8309530019760132,0.7945454120635986,0.6729868054389954,0.7831504940986633,0.7239014506340027
Can HIV/H impact my liver health?,"Yes, HIV can impact liver health. It can lead to liver complications, especially if there is an existing liver disease, and the use of HIV drugs can increase the risk of liver damage. Additionally, alcohol and cigarettes can further affect liver health. It's important for individuals with HIV to monitor their liver health regularly and maintain a healthy lifestyle to support liver function.",Is it possible for HIV/H to affect my liver?,"Alcohol, cigarette, and HIV affect the liver, the liver also breaks down the H drugs. So if the individual has an existing liver disease, HIV and its drugs can increase the risk of liver damage. Unfortunately, the liver is the only organ that is not in a pair like lungs, and kidneys. Other diseases such as cancers and, hepatitis also affect the liver.",0.9512370824813844,0.871117115020752,0.715118944644928,0.683147668838501,0.6987677812576294
In what ways does HIV influence cholesterol levels in an individual?,"HIV can influence cholesterol levels by causing elevated cholesterol, which is often linked to antiretroviral medications. These changes can increase the risk of cardiovascular diseases. Managing cholesterol through healthy lifestyle changes, such as diet and exercise, is important. Individuals with HIV should work closely with their healthcare provider to monitor and address cholesterol levels.",How does HIV affect one's cholesterol levels?,"Some HIV treatments can affect cholesterol levels. People living with HIV/H commonly have elevated cholesterol levels that have been linked to medications. However, healthy behaviour including lifestyle changes can lower high cholesterol.",0.9754658341407776,0.939361810684204,0.6737745404243469,0.7469322681427002,0.7084698677062988
"Do antiretroviral medications lead to changes in weight, either gain or loss?","Antiretroviral medications can lead to changes in weight, including both weight gain and loss. Weight gain is a common side effect, particularly with certain ARVs like integrase inhibitors, with an average gain of about 4 pounds in the first two years of treatment. Lipodystrophy, which involves changes in body fat distribution, can also occur, leading to fat loss in areas like the arms, legs, or face. It's important to discuss any weight changes with your healthcare provider for personalized advice and support.",Can ARV drugs cause weight gain or weight loss?,"Weight gain is associated with specific ARVs, especially integrase inhibitors.
 Weight gain is a common side effect of ARVs. On average, people put on about 4 pounds (1.8kg) during their  first 2 years of treatment. Most of the gain happens in the first year of treatment.",0.8341664671897888,0.8628249168395996,0.6526628732681274,0.737905740737915,0.6926715970039368
Can I switch my antiretroviral medication regimen if I experience side effects?,"Yes, you can switch your antiretroviral medication regimen if you experience side effects. It's crucial to discuss any side effects with your healthcare provider, who will evaluate your condition and recommend alternative medications. Switching should be done under professional guidance to ensure the new regimen is effective and safe. It's important to adhere to your new regimen as prescribed to maintain viral suppression and overall health.",Can I switch to a different ARV regimen if I experience side effects?,"The health care professional must ascertain that you are not doing well and will therefore recommend the ARV that you will switch to, that you will start using to replace the one you were using before  

Side effects vary from person to person; for some, they are mild, for others, it affects their daily life. It is possible for your healthcare provider to change your  ARVs from one regimen to another ARVs.

If it is an adherence problem, then adherence counselling is required. If it is not an adherence issue, you can  switch from line 1 ARV regimen to line 2 afterwards.",0.7785260677337646,0.7141813039779663,0.6251629590988159,0.60187166929245,0.6132962703704834
Is it suitable for adolescents or young adults to take antiretroviral (ARV) medications?,"Yes, adolescents and young adults with HIV can and should take antiretroviral (ARV) medications as prescribed by their healthcare provider. ARV medications are effective in managing HIV and can help individuals live longer, healthier lives. It's important for young people to adhere to their medication regimen to control the virus and prevent the development of AIDS. Healthcare providers can work with young patients to address any concerns and ensure they understand the importance of taking their medications consistently.",Is it appropriate for teenagers or young adults to use ARV medications?,"All age ranges can access ARV. Babies, toddlers, Teenagers, Adolescents, young adults, adults and  older people are all eligible to take ARV.",0.8502354621887207,0.671741247177124,0.5367189049720764,0.6177618503570557,0.5743958353996277
What approaches can I take to cope with the exhaustion or overwhelm caused by my antiretroviral treatment regimen?,"To cope with exhaustion or overwhelm from your antiretroviral treatment, it's crucial to accept your HIV status and be intentional about your care. Prioritize taking your medication consistently as prescribed, as it is vital for keeping the virus under control. Avoid factors that could affect the medication's efficacy, such as alcohol, smoking, and self-medication. Additionally, seek support from healthcare providers, friends, or therapists to manage the emotional aspects of treatment.",What strategies can I adopt to manage medication fatigue or feeling overwhelmed by the ARV treatment plan?,"Dealing with medication fatigue starts with accepting your H status. Be intentional about your care. ARV is a life tablet. It is vital like the food you take  daily. Take it as a must-do. There are other sicknesses and health conditions that drugs are  taking daily and are not being supported in terms of cost. ARV has no dietary modification.If life is important to you, your thought about fatigue will disappear.",0.7865608334541321,0.584423303604126,0.6461917757987976,0.618890643119812,0.6322466731071472
Is it safe to take antiretroviral medications if I have additional health issues?,"Yes, it is generally safe to take antiretroviral medications even if you have additional health issues. It is important to inform your healthcare provider about all your health conditions so they can choose the most appropriate medication for you. Some medications may interact with other drugs or conditions, so your healthcare provider will need to consider this when prescribing your treatment. It is crucial to follow your healthcare provider's guidance and attend regular check-ups to monitor your health while on antiretroviral therapy.",Can I take ARV drugs if I am living with other chronic infections or diseases?,You can take your ARV medications/drugs with the treatment of other chronic infections.,0.7173428535461426,0.6114581227302551,0.566933810710907,0.6612911224365234,0.6104879975318909
How can I restore my sleep patterns?,"I'm sorry, but that question is outside my area of expertise. I can help with information related to HIV, such as transmission, detection, medication, health implications, mental health, relationships, and lifestyle. Please feel free to ask within these topics.",What can I do to regain my sleep back?,"Maintain a regular sleep schedule, avoid caffeine before bed, and consider relaxation techniques. We will discuss some anti-stress techniques in our planned conversations. However, if it persists, it is better to see your healthcare provider.",0.8391167521476746,0.0288668144494295,0.5893862247467041,0.5876762866973877,0.5885300040245056
Are there any limitations on engaging in sexual activities while taking antiretroviral drugs?,"While antiretroviral drugs significantly reduce the risk of HIV transmission, it is crucial to practice safe sex to prevent other sexually transmitted infections. Consistent condom use is recommended to minimize the risk of transmitting or acquiring HIV and other STIs. Additionally, alcohol consumption can impair judgment and adherence to ARV medication, potentially leading to risky sexual behaviors. It's important to discuss your HIV status with your partner(s) and consult your healthcare provider for personalized advice on sexual activities while on antiretroviral therapy.",Are there any restrictions on sexual activity while on ARV medication?,"People living with H who take their ARVs daily as prescribed and who achieve and maintain an undetectable viral load are at low  risk of sexually transmitting the virus to an H-negative partner. You are however advised to avoid multiple sexual partners and to use condom correctly and consistently.
If you are sexually active, please get tested at least once a year. Having other STDs increase if you are not careful.",0.8127210140228271,0.5931130647659302,0.6327338814735413,0.6424493789672852,0.6375546455383301
How long does it typically take to achieve viral suppression after beginning treatment for HIV?,"Viral suppression typically takes 7 to 12 months to achieve after beginning HIV treatment, provided the medication is taken daily as prescribed. Individual responses to treatment can vary, so adherence to the medication regimen and regular monitoring by healthcare providers are crucial to achieving and maintaining viral suppression.",How many days does it take to be virally suppressed after starting treatment?,"For most people, it takes 7 to 12 months to have an undetectable viral load, provided you are taking the pill every day.",0.8219326138496399,0.6793477535247803,0.6431906223297119,0.7413012385368347,0.6887696385383606
Is it possible for someone with an undetectable viral load to receive a negative test result?,"It is not possible for someone with an undetectable viral load to receive a negative HIV test result. Even with an undetectable viral load, the test for HIV will still be positive because it detects antibodies or antigens, not the viral load itself.",Can a person with undetectable viral load test negative?,"By taking H drugs daily, people can get an undetectable viral load. However even when a person has undetectable viral load, the test for HIV will still be positive. However, the chances of transmitting the virus with an undetectable viral load are extremely low.",0.935036838054657,0.7592580318450928,0.71324622631073,0.7165442109107971,0.7148913741111755
"How can I obtain my viral load test results, and what steps should I take to receive them?","To obtain your viral load test results, contact the healthcare provider or clinic where the test was conducted. They will provide you with your results, ensuring privacy and confidentiality. You can request the results from your healthcare provider or counselors, and it's important to follow up promptly to discuss the results and determine the next steps in your HIV care.",How soon after the test will I be able to access my viral load results?,Sometimes it takes some weeks to one month before the results are ready because many samples are being collected and processed in the lab every day of the week.,0.8119797706604004,0.3686748147010803,0.5809229612350464,0.5591738224029541,0.5698409080505371
Is it safe for me to share my medication with my partner if we're both taking the same prescription?,"It is not safe to share your medication with your partner, even if you are both taking the same prescription. Medications are prescribed based on individual needs, and sharing can lead to incorrect dosages and potential drug interactions. Each person should follow their own prescribed treatment plan and consult with their healthcare provider for any necessary adjustments.",Can I share my drugs with my partner since we are using the same drugs?,"Sharing your drugs with your partner is not advisable because the drugs given to you are expected to last for at least three months in a pack.
Always encourage your partner to go and pick up his or her drugs on the due date.

 I can help to remind you of your appointment date if you are willing.",0.902642011642456,0.7706390619277954,0.619452178478241,0.617297887802124,0.6183731555938721
In what ways can H impact an individual's overall well-being?,"HIV can impact an individual's overall well-being through physical symptoms like fatigue, weight loss, and opportunistic infections, as well as cognitive disorders and neurological issues. The emotional toll, including stigma, anxiety, and depression, can also affect mental health. Managing HIV requires lifestyle changes, medication adherence, and regular medical appointments, impacting daily life and relationships. Support groups and professional help can provide emotional support, empowerment, and coping strategies, improving mental health and overall well-being.",How does H affect one's overall well-being?,"Some may experience lower self-esteem and bad feelings due to stigma or the physical effects of H. To improve mental health, seek support from loved ones and people you trust, join support groups, and try to learn as much as possible about H. I’m here to help you. If you have depression and feel really bad for some time, please go and see a counsellor to get professional help.",0.9561459422111512,0.4778626263141632,0.671204686164856,0.6345735788345337,0.652375340461731
How can I lower or reduce my viral load?,"To lower your viral load, consistently take your antiretroviral medication as prescribed by your healthcare provider. Avoid alcohol, smoking, and self-medication, and ensure proper drug storage to maintain the effectiveness of your treatment. Regular medical check-ups are also important to monitor your progress.",How can I make my viral load to be very low?,"The most important thing that keeps your viral load suppressed / low is when you take your drugs consistently as prescribed by your health care provider. Moreover, try to will be suppressed/ becomes avoid things that could affect the power of the medication in your body. For example, avoiding alcohol, smoking, ensuring proper drug storage etc.",0.92709481716156,0.7818957567214966,0.7410011887550354,0.715554416179657,0.728055477142334
"What is causing my dental issues, and how can I improve my weight?","HIV can weaken the immune system, leading to dental issues like gum disease and tooth decay, so maintaining good oral hygiene and regular dental check-ups are crucial. To improve your weight, focus on a balanced diet rich in fruits, vegetables, grains, proteins, and dairy, while avoiding foods high in saturated fat, salt, and added sugar. If weight loss persists or you experience changes in body fat distribution due to HIV treatments, consult a healthcare provider for personalized advice.",Why is my teeth going bad and what can I do to get better weight?,"As you build up your immune system through adequate balanced diet, adherence to medication, regular dental check-ups and good oral hygiene, your HIV-related dental problems will reduce. Know that persons without HIV also have dental problems. Avoiding sugary foods such as excess chocolates can be of help. For dental problems, please go and see a dentist.",0.8475189805030823,0.8419197797775269,0.7001355886459351,0.7225197553634644,0.7111515998840332
Is it possible to contract HIV through oral contact with my partner's genitalia?,"The risk of contracting HIV through oral sex is low but not zero. Transmission is possible if there are bruises, lacerations, or bleeding gums in the mouth, or if there are sores on your partner's genitalia. The virus can be present in semen, vaginal fluids, and blood. Using barriers like condoms or dental dams can reduce the risk of transmission. It's important to communicate openly with your partner about HIV status and consider regular testing for a comprehensive approach to sexual health.",Can someone get HIV if I use my mouth during sex?,"Transmission via oral sex is possible if there are bruises/lacerations in the mouth. Also bleeding gums can facilitate HIV transmission. 

If you use mouth in caressing your partners’ organs and there is sore at the tip of your partner’s organ plus wound at the mouth, there can be transmission of HIV and other STIs.",0.8365004658699036,0.9125674962997437,0.6509493589401245,0.6937334537506104,0.6716607809066772
What steps should I take if my medication has been stolen?,"If your HIV medication has been stolen, promptly contact your healthcare provider or treatment site to report the theft and discuss obtaining a replacement prescription. You may need to file a police report, especially if the medication is a controlled substance. Consider using a safer storage method for your medication to prevent future theft, such as placing them in a different container. Additionally, you can explore courier services for medication delivery, though you will be responsible for the cost.","My drugs were stolen, what can I do?","If you remember your drugs' names, you can go to the nearest H centre for help.
However, you can visit your treatment site and explain this to your healthcare provider. They might need to ask you some questions and also carry out some activity (reporting the issue to the police and getting a police report)",0.8172105550765991,0.5531358122825623,0.6464309096336365,0.685962975025177,0.6656104922294617
Can antiretroviral medications affect sleep quality or cause insomnia?,"Yes, some antiretroviral medications can affect sleep quality and cause insomnia, especially at the start of treatment. However, sleep may improve as you continue taking the medication. It's important to maintain a regular sleep schedule and avoid stimulants before bed. If sleep disturbances persist, consult your healthcare provider for advice and possible adjustments to your treatment plan.",Can ARV medication affect my sleep patterns or cause insomnia?,"This may occur at the start of ARV drugs, but the sleep improves as you continue taking your ARV. Also, you can pick the hour that is convenient for you to take your ARV. You can take it in the morning so that you have your shower and sleep in the evening.
The hour chosen must be regular. If it is 6.00 am, it has to be every 6.00 am.",0.8068102598190308,0.6944682598114014,0.6450589895248413,0.6199392676353455,0.6322497725486755
Can HIV lead to mental confusion?,"Yes, HIV can lead to mental confusion, particularly in advanced stages of the disease. This confusion is often due to HIV-associated neurocognitive disorders (HAND), which can cause symptoms such as memory problems, difficulty concentrating, and confusion. It is crucial for individuals with HIV to monitor their cognitive health and seek medical advice if they notice any changes in their mental status.",Dose HIV cause mental confusion?,"Some people report brain fog or cognitive issues, especially among children.
Sometimes HIV can damage certain sections of the brain, which can lead to mild thinking problems. This can include difficulty in concentration, confusion, and memory loss.
Anger is a common natural feeling expressed when one is diagnosed with HIV. Many people are upset about how they got the virus or angry that they didn’t know how they had the virus.",0.9792736768722534,0.8335598707199097,0.7042759656906128,0.710114598274231,0.7071832418441772
Are people with HIV incapable of maintaining healthy relationships?,"People with HIV are fully capable of maintaining healthy relationships. While challenges such as stigma, disclosure issues, and potential mental health concerns can impact social interactions, these can be managed with proper treatment and support. Open communication, education, and understanding are essential in building and maintaining successful relationships. Seeking support from healthcare providers, counselors, and support groups can help navigate any challenges that may arise.",How does HIV affect relationship?,"Stigma and disclosure issues can affect social interactions, and lead to social withdrawal.
1.  People living with HIV/AIDS (PLWHA) may encounter numerous problems such as discrimination, losing social status and role, changes in the pattern of relationships, and losing jobs and financial resources.
2. In a relationship, the diagnosis of HIV may reveal aspects of a person's behaviour that they may have wanted to keep private. This may include infidelity or sexuality, homosexuality, and intravenous drug use, which might result in feelings of guilt, and blame and lead to relationship breakdown.
3. People with HIV have a chance of developing mood, anxiety, and cognitive disorders.it is very important to know that mental disorder is treatable.",0.7850795984268188,0.7919931411743164,0.6748770475387573,0.6605225801467896,0.6676226258277893
Do individuals with HIV spread the virus because they don't take precautions?,"Individuals with HIV can spread the virus if they do not take precautions such as using condoms, avoiding sharing needles, and seeking treatment. These measures significantly reduce the risk of transmission. It's crucial for individuals with HIV to be informed about transmission methods and to actively protect themselves and others.",Can someone be infected with HIV by being around people who have the disease?,"H cannot be acquired by any casual contacts such as hugging, shaking hands, sharing same toilets, wearing same clothes with persons living with HIV. It is transmitted through contact with infected blood, semen, vaginal fluids, rectal fluids, or breast milk.",0.7793915271759033,0.5760984420776367,0.5572502017021179,0.6058745384216309,0.580545961856842
Is it true that people on ARV medication are unproductive at work?,"No, it is not true that people on antiretroviral (ARV) medication are unproductive at work. ARV medication does not affect daily activities or cognitive abilities, allowing individuals to perform their work duties just like anyone else. People on ARV medication can lead healthy and productive lives, and the medication does not impact their employment or choice of work. Misconceptions about HIV and ARV medication can contribute to stigma, but it's important to recognize that individuals on ARVs can be just as productive as those who are HIV-negative.",Can ARV drugs affect my ability to carry out my daily tasks or activities?,"ARV cannot affect the way you carry out your daily activities.

Being on ARVs doesnt affect your daily activities. You are the person that will determine the time that is most convenient to use your ARVs drugs.",0.7464408874511719,0.6813175082206726,0.5763590931892395,0.6411397457122803,0.6070260405540466
Do people living with HIV choose not to disclose their status to avoid responsibility?,"People living with HIV may choose not to disclose their status for various reasons, and it is not necessarily to avoid responsibility. Common reasons for non-disclosure include fear of stigma, discrimination, and rejection, as well as concerns about revealing private aspects of their lives, such as infidelity or drug use. The decision to disclose is personal and complex, and it is important to respect their autonomy. Creating a supportive and non-judgmental environment can help individuals feel more comfortable disclosing their status.",How can I handle disclosure of my HIV status in social or workplace settings while on ARV treatment?,"If you are very healthy and you have made an impact in your workplace, you can organise a health outreach in your workplace without necessarily disclosing your status. If you have not been taking excuses from work, getting your drug refill once in three months should not be a problem. More importantly, joining a support group will help to resolve many ongoing issues.",0.6378567218780518,0.3243460655212402,0.5825767517089844,0.6015560030937195,0.5919142365455627
Is HIV only a problem for people in low-income communities?,"HIV can affect people from all socioeconomic backgrounds, not just those in low-income communities. It is a global issue, present in various regions worldwide, and does not discriminate based on gender, race, age, or socioeconomic status. While individuals in low-income communities may face additional challenges in accessing healthcare and prevention resources, everyone is at risk of HIV infection. Addressing HIV prevention and treatment globally is essential to ensure equitable access to care and support for all.",Is HIV in other countries?,"HIV is a global phenomenon, which can be found all over the world. However, there are variations in the number of people who have the virus in different regions. Some countries, particularly those in sub-Saharan Africa, have high number of people living with the virus.",0.7085949778556824,0.7458212375640869,0.6053367257118225,0.6814225912094116,0.6411301493644714
Do people who travel frequently spread HIV to different regions?,"HIV is not spread through casual contact or travel. It is transmitted through specific bodily fluids like blood, semen, vaginal fluids, and breast milk. People who are living with HIV can travel safely without spreading the virus as long as they take their medication as prescribed and practice safe sex. It's important to know your HIV status and take necessary precautions to prevent transmission.",Is HIV in other countries?,"HIV is a global phenomenon, which can be found all over the world. However, there are variations in the number of people who have the virus in different regions. Some countries, particularly those in sub-Saharan Africa, have high number of people living with the virus.",0.761271059513092,0.6368900537490845,0.5683419704437256,0.6345909833908081,0.5996422171592712
Are individuals with HIV irresponsible in taking medication regularly?,"No, individuals with HIV are not necessarily irresponsible if they struggle to take their medication regularly. Adherence can be difficult due to factors like side effects, stigma, mental health issues, or lack of support. It's crucial for individuals to work with healthcare providers to develop strategies for effective adherence. Support and understanding are essential in helping them manage their treatment successfully.",Can someone with HIV live a quality life?,"With proper care, i.e. taking the medication daily, many people with HIV can maintain a high quality of life, but challenges like stigma can impact well-being or quality of life. At this time, you must learn how to build a strong self-esteem, be happy with yourself and do things that will make you happy.",0.6671492457389832,0.617497444152832,0.6454436779022217,0.6523199677467346,0.6488636136054993
Do people with HIV avoid medical care to hide their condition from others?,"Some people with HIV may avoid medical care due to fear of stigma, discrimination, or revealing private aspects of their lives, such as infidelity or drug use. This fear can lead to social withdrawal and emotional stress. However, it is crucial for individuals with HIV to seek medical care to manage their health effectively. Healthcare providers are bound by confidentiality laws, ensuring that patients' privacy is protected, allowing them to safely disclose their HIV status and receive necessary care and support. Prioritizing health and well-being by seeking medical attention is essential for those living with HIV.",Can someone with HIV live a quality life?,"With proper care, i.e. taking the medication daily, many people with HIV can maintain a high quality of life, but challenges like stigma can impact well-being or quality of life. At this time, you must learn how to build a strong self-esteem, be happy with yourself and do things that will make you happy.",0.6586993932723999,0.6035865545272827,0.6060789227485657,0.6509007811546326,0.6276907324790955
Is it true that HIV-positive people are always at fault for their condition?,"No, it is not true that HIV-positive people are always at fault for their condition. HIV can affect anyone, regardless of gender, race, age, or sexual orientation. It is transmitted through various means such as unprotected sex, sharing needles, or from mother to child during childbirth. Blaming individuals for their HIV status perpetuates stigma and discrimination. It is crucial to focus on prevention, education, and support for those affected by HIV.",Is it only homosexual people that can get HIV?,"Anyone can get HIV. HIV knows no boundaries, gender, race, age, position, association, country or sexual orientation. Everyone is at risk of being infected with HIV.  There are some behaviours and practices that increase individual risk of HIV infection: 1) having multiple sexual partners whose HIV status is unknown 2) engaging in unprotected sex  and 3) sharing skin-piercing or drug injectable equipment.",0.6912339925765991,0.6603045463562012,0.6655768156051636,0.6934608817100525,0.6792328357696533
Are HIV patients a burden on the healthcare system due to their frequent visits?,"HIV patients require regular medical care to manage their condition effectively, which may involve more frequent healthcare visits. These visits are essential for monitoring health and adjusting treatment as needed, ensuring patients can lead long and healthy lives. It is crucial to view HIV patients as individuals deserving of quality healthcare, rather than as a burden on the system. With proper treatment, many HIV patients can maintain a high quality of life and contribute positively to society.",Can someone with HIV live a quality life?,"With proper care, i.e. taking the medication daily, many people with HIV can maintain a high quality of life, but challenges like stigma can impact well-being or quality of life. At this time, you must learn how to build a strong self-esteem, be happy with yourself and do things that will make you happy.",0.610162615776062,0.6938906311988831,0.6450393199920654,0.6740646958351135,0.6592327356338501
Do individuals with HIV intentionally avoid using protection to infect others?,"While some individuals with HIV may engage in risky behavior, it is not accurate to say that they intentionally avoid using protection to infect others. Most people living with HIV understand the importance of safer sex practices to prevent transmission. Open communication about HIV status and using protection are crucial to prevent the spread of the virus. Intentionally trying to infect others is considered a criminal act in many places.",Can HIV infect someone by being around people who are infected?,"H cannot be acquired by any casual contacts such as hugging, shaking hands, sharing same toilets, wearing same clothes with persons living with HIV. It is transmitted through contact with infected blood, semen, vaginal fluids, rectal fluids, or breast milk.",0.6900671720504761,0.4764437079429626,0.5360779762268066,0.543103039264679,0.5395677089691162
Are people with HIV unable to adopt children due to their health status?,"No, having HIV does not automatically disqualify someone from adopting a child. Many countries and adoption agencies have policies that allow individuals with HIV to adopt, as long as they can provide a safe and stable environment for the child. It's important to check the specific adoption laws and regulations in your country or region to understand the requirements and process for individuals with HIV who wish to adopt.",Can men living with HIV father HIV-negative children?,,0.7913351058959961,-0.1119332909584045,0.0,0.0,0.0
Do individuals with HIV avoid public spaces to prevent judgment?,"Some individuals with HIV may avoid public spaces due to fear of judgment or discrimination, as stigma and disclosure issues can lead to social withdrawal. People living with HIV/AIDS often face discrimination, loss of social status, and changes in relationships, which can contribute to their reluctance to engage in public life. However, it is crucial to promote education and awareness to combat misconceptions about HIV and foster inclusive environments. Those experiencing discrimination can seek support from organizations or healthcare providers specializing in HIV care.",How can HIV affect a person socially?,"Stigma and disclosure issues can affect social interactions, and lead to social withdrawal.
1.  People living with HIV/AIDS (PLWHA) may encounter numerous problems such as discrimination, losing social status and role, changes in the pattern of relationships, and losing jobs and financial resources.
2. In a relationship, the diagnosis of HIV may reveal aspects of a person's behaviour that they may have wanted to keep private. This may include infidelity or sexuality, homosexuality, and intravenous drug use, which might result in feelings of guilt, and blame and lead to relationship breakdown.
3. People with HIV have a chance of developing mood, anxiety, and cognitive disorders.it is very important to know that mental disorder is treatable.",0.6311813592910767,0.7879160046577454,0.7188540101051331,0.6947270631790161,0.7065845727920532
Is it true that people with HIV are unreliable in long-term commitments?,"No, it is not true that people with HIV are unreliable in long-term commitments. People living with HIV can have healthy and fulfilling relationships just like anyone else. With proper treatment and care, individuals with HIV can lead normal lives and maintain long-term commitments. It is important to challenge stigma and misconceptions surrounding HIV to support those living with the virus.",Can someone with HIV live a quality life?,"With proper care, i.e. taking the medication daily, many people with HIV can maintain a high quality of life, but challenges like stigma can impact well-being or quality of life. At this time, you must learn how to build a strong self-esteem, be happy with yourself and do things that will make you happy.",0.6791386008262634,0.6740230321884155,0.6425561904907227,0.6578241586685181,0.6501005291938782
Are those on ARV therapy more likely to engage in risky behavior?,"People on antiretroviral therapy (ARV) are not necessarily more likely to engage in risky behavior. ARV therapy helps manage HIV and reduce the risk of transmission to others. However, some individuals may still engage in risky behaviors regardless of being on ARV therapy. It's important for individuals on ARV therapy to continue practicing safe behaviors to protect themselves and others from HIV and other sexually transmitted infections.",Are there any potential psychological effects associated with ARV treatment?,"Some ARV drugs may cause symptoms of depression, anxiety, sleeplessness and  worsen some mental conditions. 

It is important for individuals with H (using ARVs) to talk with their healthcare provider about their mental health before starting ART.

In the days, weeks, months, and years after you learn that you are positive with H, you may experience some kind of emotional issues which include anger, shock, sadness, denial and you can also be struggling with depression.

These usually have some bad effects.
Joining a support group early is necessary to control the effects.",0.7696718573570251,0.5311540365219116,0.625983715057373,0.6117647290229797,0.6187925338745117
Do individuals with HIV always rely on government support for treatment?,"No, individuals with HIV do not always rely on government support for treatment. Many have private health insurance or access treatment through their employer. Additionally, non-profit organizations and programs can assist with medication costs for those without insurance coverage. It's important for individuals with HIV to explore all available options for accessing treatment and support.",Can someone with HIV live a quality life?,"With proper care, i.e. taking the medication daily, many people with HIV can maintain a high quality of life, but challenges like stigma can impact well-being or quality of life. At this time, you must learn how to build a strong self-esteem, be happy with yourself and do things that will make you happy.",0.5933400988578796,0.5305459499359131,0.6241482496261597,0.63372802734375,0.6289016604423523
Are people with HIV more likely to spread the virus through reckless behavior?,"People with HIV who are not on effective treatment may be more likely to transmit the virus through behaviors such as unprotected sex or sharing needles. However, with proper treatment and maintaining an undetectable viral load, the risk of transmission is greatly reduced. It is crucial for individuals with HIV to adhere to safe practices to prevent spreading the virus to others.",Can someone be infected with HIV by being around people who have the disease?,"H cannot be acquired by any casual contacts such as hugging, shaking hands, sharing same toilets, wearing same clothes with persons living with HIV. It is transmitted through contact with infected blood, semen, vaginal fluids, rectal fluids, or breast milk.",0.7135924696922302,0.5755206346511841,0.5497952103614807,0.6129430532455444,0.579654335975647
Is it true that HIV-positive individuals lack basic health education?,"It is not true that all HIV-positive individuals lack basic health education. However, barriers such as stigma, discrimination, and lack of resources can hinder access to accurate health information for some individuals. Providing comprehensive health education and support is crucial to empower those living with HIV to make informed health decisions.","Can doctors, nurses, children get HIV?","Anyone can get HIV. HIV knows no boundaries, gender, race, age, position, association, country or sexual orientation. Everyone is at risk of being infected with HIV.  There are some behaviours and practices that increase individual risk of HIV infection: 1) having multiple sexual partners whose HIV status is unknown 2) engaging in unprotected sex  and 3) sharing skin-piercing or drug injectable equipment.",0.6083476543426514,0.4522683024406433,0.5967483520507812,0.5918236970901489,0.5942758321762085
Do people on ARVs live shorter lives despite the treatment?,"No, people on antiretroviral therapy (ARVs) can live long, healthy lives with HIV. ARVs are highly effective in controlling the virus and preventing the progression to AIDS. With proper treatment and care, many people with HIV can have a normal life expectancy. It's important to adhere to the treatment regimen and follow up with healthcare providers regularly for the best outcomes.",Are there any potential psychological effects associated with ARV treatment?,"Some ARV drugs may cause symptoms of depression, anxiety, sleeplessness and  worsen some mental conditions. 

It is important for individuals with H (using ARVs) to talk with their healthcare provider about their mental health before starting ART.

In the days, weeks, months, and years after you learn that you are positive with H, you may experience some kind of emotional issues which include anger, shock, sadness, denial and you can also be struggling with depression.

These usually have some bad effects.
Joining a support group early is necessary to control the effects.",0.701412558555603,0.4641605615615845,0.6132186651229858,0.5973696112632751,0.6051903963088989
Are individuals with HIV always part of high-risk groups?,"No, individuals with HIV are not always part of high-risk groups. While certain behaviors, such as having multiple sexual partners, engaging in unprotected sex, and sharing needles, increase the risk of HIV infection, anyone can acquire the virus. HIV does not discriminate based on gender, race, age, or sexual orientation, making it important for everyone to practice safe behaviors to prevent transmission.",Is it only homosexual people that can get HIV?,"Anyone can get HIV. HIV knows no boundaries, gender, race, age, position, association, country or sexual orientation. Everyone is at risk of being infected with HIV.  There are some behaviours and practices that increase individual risk of HIV infection: 1) having multiple sexual partners whose HIV status is unknown 2) engaging in unprotected sex  and 3) sharing skin-piercing or drug injectable equipment.",0.6831371784210205,0.7947496175765991,0.7374371290206909,0.7388805747032166,0.7381581664085388
