question,answer_llm
What steps should I follow to maintain a healthy pregnancy as a woman living with HIV?,"As a woman living with HIV, it is important to follow your doctor's recommendations for prenatal care, including regular check-ups, HIV medication, and testing for other sexually transmitted infections. It is also important to eat a healthy diet and get regular exercise. If you are pregnant or planning to become pregnant, it is important to talk to your healthcare provider about any concerns you may have."
Do antiretroviral (ARV) medications affect male fertility or reproductive health?,"No, there is no evidence that ARV medications affect male fertility or reproductive health. However, some ARV medications may interact with hormonal contraceptives and reduce their effectiveness. It is important for people to discuss their reproductive health concerns with their healthcare provider."
What is the optimal time for me to conceive to minimize the risk of my baby contracting HIV?,"The risk of a baby contracting HIV can be significantly reduced if the mother is on antiretroviral therapy (ART) during pregnancy, delivery, and postpartum. The baby should be born to a mother with an undetectable viral load (<50 copies/mL) to further reduce the risk of transmission. The baby should also be given ART prophylaxis for 6 weeks after birth."
"What actions can I take, as a man living with HIV, to assist in conceiving with my partner?","As a man living with HIV, there are several actions you can take to assist in conceiving with your partner. Firstly, it is important to maintain a healthy lifestyle by eating a balanced diet, exercising regularly, and getting enough sleep. Secondly, it is recommended to take antiretroviral therapy (ART) to maintain a low viral load and improve overall health. Thirdly, you can consider using assisted reproductive technologies such as sperm washing, intrauterine insemination, and in vitro fertilization."
Can ARV treatment influence my fertility or my ability to become pregnant?,"No, ARV treatment does not affect your ability to become pregnant. However, some ARV drugs may interact with hormonal contraceptives, so it is recommended to use a non-hormonal method of contraception. Pregnant women living with HIV are encouraged to continue ARV treatment to protect their health and the health of their child."
Is it possible for me to have a baby who is HIV-free?,"Yes, it is possible for you to have an HIV-free baby. This can be achieved by taking antiretroviral medication as prescribed and following the recommendations of your healthcare provider during pregnancy and childbirth. It is also important to talk to your healthcare provider about your pregnancy and any concerns you may have."
Is it safe to use antiretroviral medication while pregnant?,"Yes, it is safe for people living with HIV to use antiretroviral medication while pregnant. These medications are essential to reduce the risk of mother-to-child transmission of HIV and improve the health of the mother and child. It is important for people living with HIV to work with their healthcare provider to select an antiretroviral regimen that is safe and effective for them."
How might ARV medications affect my ability to carry a pregnancy to term?,"ARV medications can potentially reduce the risk of mother-to-child HIV transmission during pregnancy and childbirth. However, some ARV medications may have the potential to harm the fetus. Therefore, it is important to consult with a healthcare provider to discuss the potential risks and benefits of ARV medications during pregnancy."
In what ways might HIV influence my capacity to conceive or maintain a pregnancy until delivery?,"HIV infection can lead to infertility in both men and women. In women, HIV can cause damage to the reproductive organs, leading to irregular menstrual cycles, reduced fertility, and increased risk of miscarriage. In men, HIV can cause a decrease in sperm count and motility, which can result in fertility issues. It is important for people living with HIV who wish to become pregnant to work closely with their healthcare providers to ensure optimal health and reduce the risk of transmission to their child."
Why is HIV more prevalent among women compared to men?,"HIV is more prevalent among women for several reasons. First, women are more likely to engage in risky sexual behaviors such as having multiple sexual partners and unprotected sex. Second, women are more likely to be in relationships with men who have HIV. Third, women are more likely to experience gender-based violence, which can lead to HIV infection."
Is it safe to breastfeed while undergoing antiretroviral (ARV) therapy?,"The risk of HIV transmission through breast milk is very low if the mother is on ARV therapy and follows the recommended feeding and hygiene practices. If the mother is not taking ARVs, the risk of transmission through breast milk is significantly higher. Therefore, it is recommended that HIV-positive mothers on ARVs should be encouraged to breastfeed their children."
Is it possible for transgender individuals to receive antiretroviral therapy while also managing their unique healthcare requirements?,"Yes, it is possible for transgender individuals to receive antiretroviral therapy while also managing their unique healthcare requirements. It is important for healthcare providers to be aware of the specific needs of transgender individuals and to work with them to develop a treatment plan that meets their needs. This may include providing access to gender-affirming healthcare services, as well as support for issues related to stigma and discrimination."
What factors contribute to women being at a higher risk of contracting HIV compared to men?,"Several factors contribute to women being at a higher risk of contracting HIV compared to men. These include biological factors such as the larger surface area of the vagina compared to the penis, which increases the likelihood of the virus entering the body during sexual intercourse. Additionally, women are more likely to be in relationships with men who are infected with HIV, and women are more likely to engage in transactional sex, which can increase their risk of exposure to HIV. Finally, women face gender-based power imbalances that can make it difficult for them to negotiate safe sex practices, further increasing their risk of HIV infection."
In what ways does HIV impact pregnancy?,"HIV can impact pregnancy in several ways. First, HIV can be transmitted from mother to child during pregnancy, labor, or delivery. Second, HIV can cause health complications for both the mother and the baby during pregnancy. Third, HIV can cause health complications for both the mother and the baby during pregnancy."
Is it possible for a woman with HIV to give birth to a child who is not infected with the virus?,"Yes, it is possible for a woman with HIV to give birth to an uninfected child. This can be achieved through the use of antiretroviral therapy (ART) during pregnancy, which can reduce the risk of mother-to-child transmission (MTCT) of HIV to less than 1%. Additionally, the use of ART can also reduce the risk of vertical transmission during labor and delivery."
What measures can a man with HIV take to prevent transmitting the virus to his partner while trying to conceive?,"A man with HIV can prevent the transmission of HIV to his partner by taking antiretroviral therapy (ART) and maintaining an undetectable viral load, using condoms, practicing safe sex, and undergoing sperm washing. It is also important to consult with a healthcare provider to develop a safe conception plan."
Does having HIV impact the likelihood or effects of also having HPV?,"No, having HIV does not increase the likelihood of getting HPV or increase the severity of HPV-related health issues. However, people living with HIV may be at a higher risk of anal cancer due to HPV. It is important for people living with HIV to get screened for HPV and HPV vaccination is recommended."
When is the appropriate time for a woman planning pregnancy to begin treatment?,The appropriate time for a woman planning pregnancy to begin treatment is when her CD4 count is below 500 cells/mm3 or when she has an AIDS-defining illness. Treatment is recommended as soon as possible to reduce the risk of mother-to-child transmission and to improve the mother's health. It is important to discuss the risks and benefits of treatment with a healthcare provider before making a decision.
How are HIV and HPV related to each other?,"HIV and HPV are two separate viruses. HIV is a retrovirus that causes AIDS, while HPV is a papillomavirus that can cause cervical cancer. There is no evidence that HIV can cause HPV infection or vice versa. However, both HIV and HPV can be sexually transmitted and share some common risk factors, such as having multiple sexual partners. It is important to practice safe sex to reduce the risk of contracting these viruses."
What are the consequences of having both HIV and HPV?,"The consequences of having both HIV and HPV can vary depending on the specific type of HPV and the stage of HIV infection. In general, having both HIV and HPV can increase the risk of developing cervical cancer, anal cancer, and other HPV-related cancers. It is also important to note that having HIV can weaken the immune system, which can make it more difficult for the body to fight off HPV infections. Therefore, it is important for people who are living with HIV to take steps to prevent HPV infections, such as getting vaccinated against HPV and practicing safe sex."
Why do women with HIV always prioritize pregnancy over their own health?,It is not accurate to say that women with HIV always prioritize pregnancy over their own health. Many women living with HIV prioritize their health and may choose to delay pregnancy or take steps to reduce the risk of transmission to their child. It is important to avoid stigmatizing language when discussing HIV and pregnancy.
"Isn't it risky for a mother with HIV to breastfeed, since it could spread the virus to her child?","While breast milk is the best source of nutrition for infants, it can also transmit HIV from mother to child. However, with the use of antiretroviral therapy (ART), the risk of mother-to-child transmission through breastfeeding can be significantly reduced. The World Health Organization recommends exclusive breastfeeding for the first six months of life and continued breastfeeding up to two years with ongoing ART. It is important for mothers living with HIV to work closely with their healthcare providers to develop an individualized feeding plan that takes into account their specific situation and the needs of their child."
"Do women with HIV use hormonal contraceptives irresponsibly, leading to more health problems?","No, women with HIV can use hormonal contraceptives safely and effectively. Hormonal contraceptives do not increase the risk of HIV transmission or affect the effectiveness of antiretroviral therapy. It is important for women with HIV to discuss their contraceptive options with their healthcare provider to determine the best method for their individual needs and circumstances."
Are women more likely to contract HIV because they lack awareness about safe sex practices?,"No, women are not more likely to contract HIV due to a lack of awareness about safe sex practices. HIV is a sexually transmitted infection that can be prevented through safe sex practices, such as using condoms consistently and correctly. It is important for everyone, including women, to have access to accurate information about HIV and how to protect themselves."
Is it true that pregnant women with HIV are irresponsible for putting their babies at risk?,"No, this is a misconception. HIV-positive pregnant women who receive appropriate medical care, including antiretroviral therapy (ART), can have healthy babies. The risk of mother-to-child transmission of HIV can be significantly reduced through the use of ART during pregnancy, childbirth, and breastfeeding. It is important for all pregnant women, including those living with HIV, to receive regular prenatal care and to follow their healthcare provider's recommendations."
